,button,pressed,time,x,y
0,Button.left,pressed,6.1448657512664795,0.915716552734375,0.00884693287037037
1,Button.left,released,6.836056709289551,0.915716552734375,0.00884693287037037
2,Button.left,pressed,11.515064716339111,0.915716552734375,0.00884693287037037
3,Button.left,released,12.321285724639893,0.915716552734375,0.00884693287037037
4,Button.left,pressed,14.608745813369751,0.4965128580729167,0.3197410300925926
5,Button.left,released,15.431177854537964,0.4965128580729167,0.3197410300925926
