,button,pressed,time,x,y
0,Button.left,pressed,2.0528879165649414,0.8699951171875,0.010066731770833334
1,Button.left,released,2.175313949584961,0.8699951171875,0.010066731770833334
2,Button.left,pressed,4.324662208557129,0.964007568359375,0.011319986979166667
3,Button.left,released,4.514867067337036,0.964007568359375,0.011319986979166667
