,button,pressed,time,x,y
0,Button.left,pressed,4.798775911331177,0.9322374131944444,0.0073741319444444444
1,Button.left,released,5.024969816207886,0.9322374131944444,0.0073741319444444444
