,button,img_path,pressed,time,x,y
0,Button.left,saved_snips_for_cliks/0.png,pressed,1.586935043334961,0.5079193115234375,0.3596272786458333
1,moveTo,,None,1.6840031147003174,0.5079193115234375,0.35982530381944444
2,Button.left,saved_snips_for_cliks/2.png,released,1.7334320545196533,0.5079193115234375,0.35982530381944444
3,Button.left,saved_snips_for_cliks/3.png,pressed,3.339010000228882,0.9641586303710937,0.006285264756944444
4,Button.left,saved_snips_for_cliks/4.png,released,3.4850192070007324,0.9641586303710937,0.006285264756944444
