,button,pressed,time,x,y
0,Button.left,pressed,2.8962059020996094,0.8266886393229167,0.01904296875
1,Button.left,released,3.162320852279663,0.8266886393229167,0.01904296875
