,button,pressed,time,x,y
0,Button.left,pressed,4.586715936660767,0.9039835611979167,0.0017397280092592592
1,moveTo,None,4.610765218734741,0.9038736979166667,0.0017397280092592592
2,Button.left,released,5.342945098876953,0.9038736979166667,0.0017397280092592592
3,Button.left,pressed,74.4481291770935,0.34821980794270835,0.3153899016203704
4,Button.left,released,75.04011011123657,0.34821980794270835,0.3153899016203704
