,button,pressed,time,x,y
0,Button.left,pressed,2.6198620796203613,0.9214619954427083,0.00043041087962962965
1,moveTo,None,2.63639235496521,0.9214619954427083,0.0006474247685185185
2,Button.left,released,3.2631402015686035,0.9214619954427083,0.0006474247685185185
3,Button.left,pressed,5.960479021072388,0.44368896484375,0.3134367766203704
4,Button.left,released,6.5781590938568115,0.44368896484375,0.3134367766203704
