,button,pressed,time,x,y
0,Button.left,pressed,3.1942031383514404,0.9076273600260417,0.0004195601851851852
1,Button.left,released,5.930010080337524,0.9076273600260417,0.0004195601851851852
